,features_of_metrics,S001C,S002C,S002I,S003I,S005I,S001S,S004S,S009S
0,angl_bow_mov_mean,(76.83025113020439+0j),(68.58340220362038+0j),(35.36580779985108+0j),(39.91635020801547+0j),(24.163687233754672+0j),(44.868354136078054+0j),(65.99144273433397+0j),(78.62557772459012+0j)
1,angl_bow_mov_var,(1043.066209904729+0j),(186.07729901760015+0j),(177.082557361125+0j),(447.7813846172403+0j),(52.49085733390398+0j),(294.83020915516244+0j),(790.1621512959482+0j),(805.9736070824275+0j)
2,angl_bow_mov_mad,(30.38570059812648+0j),(11.748289680165342+0j),(3.821954748074864+0j),(4.843126846853643+0j),(1.9893342960798712+0j),(8.01520830763662+0j),(17.207782739002308+0j),(20.07599533615443+0j)
3,angl_bow_mov_max,(125.06172913616248+0j),(89.5980368107563+0j),(98.23345201067394+0j),(111.928555504793+0j),(47.88824080684946+0j),(84.29644359346095+0j),(138.6409121678337+0j),(134.1629430797687+0j)
4,angl_bow_mov_min,(21.25031710299844+0j),(35.50915589551378+0j),(21.128952746733667+0j),(20.45860334359461+0j),(15.993055710165462+0j),(10.673397783039404+0j),(24.094895581129396+0j),(18.36921993205201+0j)
5,angl_bow_mov_sma,(76.83025113020439+0j),(68.58340220362038+0j),(35.36580779985108+0j),(39.91635020801547+0j),(24.163687233754672+0j),(44.868354136078054+0j),(65.99144273433397+0j),(78.62557772459012+0j)
6,angl_bow_mov_energy,(6945.953698635002+0j),(4889.76035684116+0j),(1427.8229186971325+0j),(2041.096398546177+0j),(636.3746380646226+0j),(2307.9994120356755+0j),(5145.032665454829+0j),(6987.955079607988+0j)
7,angl_bow_mov_iqr,(61.32641790367571+0j),(23.643462424915043+0j),(8.822802784411618+0j),(16.691102532253012+0j),(7.874197207849999+0j),(15.55437661566701+0j),(36.26941231143372+0j),(35.40923427810376+0j)
8,angl_bow_mov_entropy,(5.63084917987341+0j),(5.703082256614124+0j),(5.665822171533165+0j),(5.587584479268391+0j),(5.683414032957548+0j),(5.6461525473685255+0j),(5.616905508168481+0j),(5.632177516091152+0j)
9,angl_bow_mov_correlation,(1+0j),(1+0j),(1+0j),(1+0j),(1+0j),(1+0j),(1+0j),(1+0j)
10,angl_bow_mov_kurtosis,(-1.4569639097672586+0j),(-0.9512637501752184+0j),(7.2385990318102404+0j),(2.2142263661682797+0j),(1.698465044507854+0j),(-0.03923857020229171+0j),(-0.057754903540073954+0j),(-0.6475151671531325+0j)
11,angl_bow_mov_skewness,(0.020896233786909753+0j),(-0.31192020630531575+0j),(2.5236611632343866+0j),(1.7495155954408401+0j),(1.553149138079994+0j),(0.18217633468614733+0j),(0.7920625276602521+0j),(-0.23224619940958688+0j)
12,angl_bow_mov_maxFreqCompInd,0j,0j,0j,0j,0j,0j,0j,0j
13,angl_bow_mov_maxFreqComp,(23510.05684584254-0j),(20986.521074307835-0j),(10821.93718675443-0j),(11974.905062404641-0j),(7394.08829352893-0j),(13729.716365639884-0j),(19797.432820300193-0j),(23587.673317377034-0j)
14,angl_bow_mov_meanFreq,(115.22126093218189+0j),(65.76275334332465+0j),(29.97622119859835+3.7152561346933344e-16j),(31.102756000860033-7.579122514774402e-16j),(17.98454041331925-1.4861024538773338e-15j),(47.986058710909774-1.4861024538773338e-15j),(34.08398841203206+0j),(134.16294307976872-3.031649005909761e-15j)
15,angl_bow_mov_skewnessFreq,(17.58565697143916+3.637965764224219e-16j),(17.263104571933955-5.631177968378126e-20j),(15.446332391779935+7.679440914817442e-17j),(12.15429701978837+8.852638021276311e-17j),(18.45218982875012-3.930151284999e-17j),(16.75256104506685-3.578730365899917e-17j),(15.680453375944875+1.5693002961463644e-17j),(16.413728188993183-7.537078687481512e-17j)
16,angl_bow_mov_kurtosisFreq,(314.7219221121288+8.828388353811238e-15j),(298.48588842600174+7.686159326570908e-19j),(258.98738423058654+1.893264133655813e-15j),(192.71749232635355+2.1985376782523935e-15j),(322.2457211287745-1.166772605949933e-15j),(285.5924635176527-1.2986712795350363e-15j),(264.3841511222428+1.0944814692830095e-16j),(274.7905454815495-1.6664692489892075e-15j)
17,angl_bow_mov_median,(76.53738381346331+0j),(69.0530594616852+0j),(30.27048431965799+0j),(30.376383814398057+0j),(20.529529431575575+0j),(46.51674562543771+0j),(64.72374258440642+0j),(82.37467341530714+0j)
18,angl_bow_mov_peak_count,(29+0j),(19+0j),(25+0j),(34+0j),(30+0j),(31+0j),(23+0j),(27+0j)
19,angl_head_inclination_mean,(71.67341226393911+0j),(76.09392494393353+0j),(69.51759783447606+0j),(71.81474767606514+0j),(72.07261403837906+0j),(75.65965232316066+0j),(69.41250803323979+0j),(87.148776090705+0j)
20,angl_head_inclination_var,(13.91629193915026+0j),(6.70393704345879+0j),(9.252646818502862+0j),(13.339223989177782+0j),(11.200737905571+0j),(24.9434094761719+0j),(2.709172170017753+0j),(101.43806292568296+0j)
21,angl_head_inclination_mad,(2.59656218213744+0j),(1.471973606051023+0j),(1.7456169376752015+0j),(2.921258052876574+0j),(3.0621917970246173+0j),(2.1478541510094686+0j),(0.9140848219127236+0j),(7.659278703096852+0j)
22,angl_head_inclination_max,(80.05875992680592+0j),(82.62458488146162+0j),(76.77095421846215+0j),(80.33181246985012+0j),(79.30067449866148+0j),(102.94179216838998+0j),(74.21553550311945+0j),(106.98637929118054+0j)
23,angl_head_inclination_min,(61.13559216498537+0j),(72.06430407379887+0j),(64.98532032996964+0j),(63.454470810633225+0j),(61.87201111185508+0j),(62.96678010913096+0j),(66.07629653129817+0j),(58.46729492955127+0j)
24,angl_head_inclination_sma,(71.67341226393911+0j),(76.09392494393353+0j),(69.51759783447606+0j),(71.81474767606514+0j),(72.07261403837906+0j),(75.65965232316066+0j),(69.41250803323979+0j),(87.148776090705+0j)
25,angl_head_inclination_energy,(5150.994317495727+0j),(5796.989350416448+0j),(4841.949055494453+0j),(5170.69720776608+0j),(5205.662432230724+0j),(5749.326399137723+0j),(4820.805443634597+0j),(7696.347237033519+0j)
26,angl_head_inclination_iqr,(5.1907127291476485+0j),(3.393235126430497+0j),(4.620856878568773+0j),(6.149176026648959+0j),(6.037533268737519+0j),(5.18902388806363+0j),(1.9585865278743313+0j),(15.815562496331253+0j)
27,angl_head_inclination_entropy,(5.722229006993177+0j),(5.723011250401793+0j),(5.72263809270876+0j),(5.702484726074625+0j),(5.722503555950054+0j),(5.721481273490285+0j),(5.70350229837562+0j),(5.697084350823944+0j)
28,angl_head_inclination_correlation,(1+0j),(1+0j),(1+0j),(1+0j),(1+0j),(1+0j),(1+0j),(1+0j)
29,angl_head_inclination_kurtosis,(-0.5653517233836429+0j),(-0.4192669510208282+0j),(-0.5531889006379287+0j),(-0.9704342323567596+0j),(-0.9677149277825414+0j),(5.695857129855291+0j),(0.20127558952495717+0j),(-0.4887484630154151+0j)
30,angl_head_inclination_skewness,(-0.004521012411118545+0j),(0.8107438803404685+0j),(0.7882396426404196+0j),(-0.15436597382843625+0j),(-0.1560538238310845+0j),(1.8128254410966955+0j),(0.4734350330158994+0j),(0.07241197231959955+0j)
31,angl_head_inclination_maxFreqCompInd,0j,0j,0j,0j,0j,0j,0j,0j
32,angl_head_inclination_maxFreqComp,(21932.064152765368-0j),(23284.741032843664-0j),(21272.384937349674-0j),(21544.42430281954-0j),(22054.21989574399-0j),(23151.853610887163-0j),(20823.752409971938-0j),(26144.6328272115-0j)
33,angl_head_inclination_meanFreq,(61.13559216498537-7.430512269386669e-16j),(77.02919068043293-1.4861024538773338e-15j),(67.03793133991236+0j),(63.454470810633225+7.579122514774402e-16j),(61.87201111185508+7.430512269386669e-16j),(65.75402815670384-2.7864421010200007e-16j),(69.83773163112865+0j),(58.46729492955129+6.063298011819522e-15j)
34,angl_head_inclination_skewnessFreq,(17.448001995988797+1.8724941130731774e-19j),(17.417446320463377+4.7740630081451955e-18j),(17.37240042108767-1.6788985417727437e-18j),(17.220902819619333-1.812277126841232e-18j),(17.441595020899715-4.907627978440637e-18j),(17.413912092081205+2.096976357792824e-18j),(17.23231036519823-4.351611051509749e-19j),(17.191320251192167-2.910533236921395e-17j)
35,angl_head_inclination_kurtosisFreq,(301.95362891581425+4.396007380271077e-18j),(301.2447973665578+1.1071293089951681e-16j),(300.21441707879853-3.9070881040337375e-17j),(294.7131221752424-4.20735676780331e-17j),(301.79017509705426-1.144094016707392e-16j),(301.1662510205109+4.779212453336826e-17j),(294.96940075095455-1.0032584429057978e-17j),(294.0569039258275-6.808286651095003e-16j)
36,angl_head_inclination_median,(71.63991128984853+0j),(75.34133292511842+0j),(68.29366419855135+0j),(72.51625307646279+0j),(72.35318915272126+0j),(74.29939856781226+0j),(69.38909303240672+0j),(86.31940385914126+0j)
37,angl_head_inclination_peak_count,(36+0j),(46+0j),(34+0j),(43+0j),(30+0j),(50+0j),(38+0j),(35+0j)
38,angl_left_cheek_mov_mean,(95.71078570289319+0j),(87.36519865335013+0j),(103.30746094800456+0j),(88.41618655514208+0j),(97.9348308795466+0j),(79.8140220210511+0j),(95.23963322076284+0j),(87.91250677485337+0j)
39,angl_left_cheek_mov_var,(77.64246419250053+0j),(7.368740747257068+0j),(6.256097728150895+0j),(46.14195298858683+0j),(10.994559411058457+0j),(114.08636355578547+0j),(24.53586955148571+0j),(31.845369135198418+0j)
40,angl_left_cheek_mov_mad,(6.935764157855004+0j),(1.97460157471604+0j),(1.9515392330187638+0j),(4.79061302707899+0j),(1.7709759517664523+0j),(6.80793573033209+0j),(3.4834050092098607+0j),(4.405208432119231+0j)
41,angl_left_cheek_mov_max,(111.45644163596182+0j),(96.21808531324452+0j),(107.30428648529224+0j),(108.14246230668496+0j),(112.68440330582672+0j),(104.3366888281234+0j),(108.40175104757296+0j),(101.8657439262392+0j)
42,angl_left_cheek_mov_min,(74.91970276833095+0j),(81.05975184475656+0j),(92.84246655918128+0j),(75.91855602963533+0j),(90.3506262356509+0j),(65.45136708318752+0j),(84.40554084041584+0j),(77.11502217688195+0j)
43,angl_left_cheek_mov_sma,(95.71078570289319+0j),(87.36519865335013+0j),(103.30746094800456+0j),(88.41618655514208+0j),(97.9348308795466+0j),(79.8140220210511+0j),(95.23963322076284+0j),(87.91250677485337+0j)
44,angl_left_cheek_mov_energy,(9238.196964057644+0j),(7640.0466764865905+0j),(10678.687585251637+0j),(7863.563997942271+0j),(9602.22565881645+0j),(6484.364474732613+0j),(9095.123605576919+0j),(7760.454216573836+0j)
45,angl_left_cheek_mov_iqr,(13.307814014278577+0j),(3.7749508725151344+0j),(3.960043776315885+0j),(9.842343455497073+0j),(3.4475279880289946+0j),(17.198273707183745+0j),(7.093645251289601+0j),(8.726200142670336+0j)
46,angl_left_cheek_mov_entropy,(5.719301772581706+0j),(5.7231036706671565+0j),(5.723290340732545+0j),(5.70084414908418+0j),(5.723018430477873+0j),(5.714850807819186+0j),(5.7024307478934+0j),(5.7017290126804765+0j)
47,angl_left_cheek_mov_correlation,(1+0j),(1+0j),(1+0j),(1+0j),(1+0j),(1+0j),(1+0j),(1+0j)
48,angl_left_cheek_mov_kurtosis,(-0.67499026653784+0j),(0.32304254105564656+0j),(0.46809403709113306+0j),(-0.2820247888460412+0j),(3.0455091993663714+0j),(-0.8271300455983308+0j),(-0.40910572065213646+0j),(-0.8570301231834621+0j)
49,angl_left_cheek_mov_skewness,(-0.23657597064477184+0j),(0.3065588792958174+0j),(-0.6604436776472937+0j),(0.2712207815112784+0j),(1.0996134731418268+0j),(0.6840508458526068+0j),(0.09911899936943942+0j),(0.22103296311544435+0j)
50,angl_left_cheek_mov_maxFreqCompInd,0j,0j,0j,0j,0j,0j,0j,0j
51,angl_left_cheek_mov_maxFreqComp,(29287.50042508532-0j),(26733.750787925143-0j),(31612.083050089394-0j),(26524.855966542622-0j),(29968.058249141253-0j),(24423.090738441635-0j),(28571.88996622885-0j),(26373.75203245601-0j)
52,angl_left_cheek_mov_meanFreq,(101.47003987605173+0j),(89.28941759593499+7.430512269386669e-16j),(92.8424665591813+7.430512269386669e-16j),(78.1781999251332+1.5158245029548805e-15j),(100.1198782239928+0j),(98.90206218600242+7.430512269386669e-16j),(84.40554084041584+3.789561257387201e-16j),(101.8657439262392+0j)
53,angl_left_cheek_mov_skewnessFreq,(17.505125503309188-7.431924552564435e-18j),(17.416943167496637-2.5326012248649773e-18j),(17.406271218427243-2.7589356247541498e-18j),(17.253147972524488-3.1130514668226194e-18j),(17.399965121170453-8.490885079067168e-19j),(17.557510274966717-1.5993764076459954e-18j),(17.221264169192164+4.915581860084905e-18j),(17.253672263772177-2.176957313990838e-18j)
54,angl_left_cheek_mov_kurtosisFreq,(303.26258707663965-1.674942053564373e-16j),(301.2325346893671-5.88094280207296e-17j),(300.986020514251-6.416921028633388e-17j),(295.41034600748395-6.839439750767962e-17j),(300.8410284563909-1.9754340710475435e-17j),(304.4147915110177-3.6446848623384983e-17j),(294.71506381653836+1.11796137084753e-16j),(295.4559022423383-5.020965966798329e-17j)
55,angl_left_cheek_mov_median,(96.83015916782797+0j),(87.17719041395695+0j),(103.38995074781548+0j),(88.71228079573415+0j),(97.48596571540747+0j),(75.8890908572281+0j),(96.33183834001964+0j),(87.9057965750643+0j)
56,angl_left_cheek_mov_peak_count,(30+0j),(43+0j),(38+0j),(55+0j),(37+0j),(42+0j),(40+0j),(52+0j)
57,angl_left_elbow_mov_mean,(49.445768938949755+0j),(34.658351687815866+0j),(58.07910557969872+0j),(42.039355567282385+0j),(43.387348324566695+0j),(65.17153388498252+0j),(50.649409041965264+0j),(56.341538401318054+0j)
58,angl_left_elbow_mov_var,(7.396820941453418+0j),(19.663617907142793+0j),(2.956537582087173+0j),(3.533316341913033+0j),(5.025099114130341+0j),(78.66082206497086+0j),(22.411291025618212+0j),(3.941249455352011+0j)
59,angl_left_elbow_mov_mad,(1.9035905844048209+0j),(3.455897348387243+0j),(1.4190394308365342+0j),(0.8953040384926645+0j),(1.3712607242204022+0j),(2.024023148137477+0j),(3.0152084847342095+0j),(1.033947108194667+0j)
60,angl_left_elbow_mov_max,(57.91499167976679+0j),(48.48951492427796+0j),(61.861556765075605+0j),(49.85115055254253+0j),(48.9338537949334+0j),(103.75224935241997+0j),(60.79497541717436+0j),(62.65312375584424+0j)
61,angl_left_elbow_mov_min,(45.1007568473729+0j),(29.15849116540535+0j),(54.95891493930844+0j),(38.857535872677374+0j),(36.02629025582866+0j),(54.99678107797446+0j),(41.49959841843744+0j),(52.67256665362367+0j)
62,angl_left_elbow_mov_sma,(49.445768938949755+0j),(34.658351687815866+0j),(58.07910557969872+0j),(42.039355567282385+0j),(43.387348324566695+0j),(65.17153388498252+0j),(50.649409041965264+0j),(56.341538401318054+0j)
63,angl_left_elbow_mov_energy,(2452.280886905462+0j),(1220.864959623472+0j),(3376.139042519878+0j),(1770.8407328543099+0j),(1887.4870937514108+0j),(4325.9896509863975+0j),(2587.773927325931+0j),(3178.310198882549+0j)
64,angl_left_elbow_mov_iqr,(4.103262737830718+0j),(6.986169177059683+0j),(2.8616517796079606+0j),(1.9274612633760952+0j),(2.678872328053153+0j),(4.030845268683869+0j),(6.582285508737577+0j),(2.4217257959887135+0j)
65,angl_left_elbow_mov_entropy,(5.72209291098242+0j),(5.715619836871966+0j),(5.723147309505834+0j),(5.702799767720989+0j),(5.722237790382702+0j),(5.715315409769589+0j),(5.6994771327067575+0j),(5.703168761082658+0j)
66,angl_left_elbow_mov_correlation,(1+0j),(1+0j),(1+0j),(1+0j),(1+0j),(1+0j),(1+0j),(1+0j)
67,angl_left_elbow_mov_kurtosis,(0.4906324278872347+0j),(0.04892896482886222+0j),(-1.079147432920092+0j),(1.736536613151796+0j),(0.6281950674760126+0j),(8.765022455649216+0j),(-0.687465665490512+0j),(0.7060049426671586+0j)
68,angl_left_elbow_mov_skewness,(0.8302731758487994+0j),(0.8005419876461752+0j),(0.1321093098810094+0j),(1.23511468795225+0j),(-0.450274876933782+0j),(2.970412913019895+0j),(0.5636222898678277+0j),(1.0335046324824564+0j)
69,angl_left_elbow_mov_maxFreqCompInd,0j,0j,0j,0j,0j,0j,0j,0j
70,angl_left_elbow_mov_maxFreqComp,(15130.405295318624-0j),(10605.455616471656-0j),(17772.20630738781-0j),(12611.806670184716-0j),(13276.528587317407-0j),(19942.489368804654-0j),(15194.82271258958-0j),(16902.461520395416-0j)
71,angl_left_elbow_mov_meanFreq,(54.43101610596943+0j),(31.762848598434324+7.430512269386669e-16j),(55.863562336986064+1.8576280673466672e-16j),(43.41177344631105+3.789561257387201e-16j),(48.838428767103544+1.4861024538773338e-15j),(68.78148646142805+1.4861024538773338e-15j),(51.67953876225126+0j),(60.58557642914664+0j)
72,angl_left_elbow_mov_skewnessFreq,(17.415885727152478+3.33531610198993e-18j),(17.335736510930882+8.21161331249502e-18j),(17.40447008486091-5.363649339489247e-19j),(17.233456906879105-1.55217958070185e-18j),(17.40912919329513-5.896679809354376e-18j),(17.490316827781985+3.781097700079714e-18j),(17.251989777782622+3.2570347511764155e-18j),(17.231939202192795+1.3114708733335713e-18j)
73,angl_left_elbow_mov_kurtosisFreq,(301.202764977153+7.766592612756471e-17j),(299.2239128589904+2.2789257748143773e-16j),(300.94380702935183-1.2740457514892635e-17j),(294.99834638852036-3.594158610566594e-17j),(301.0480625616976-1.3664140387144684e-16j),(302.9939013012569+8.88528381465787e-17j),(295.39443599600185+7.536619524042793e-17j),(294.9604800093568+3.046641924935591e-17j)
74,angl_left_elbow_mov_median,(49.03170621486309+0j),(34.02285613002272+0j),(58.08424938528002+0j),(41.610399284258946+0j),(43.596657848448075+0j),(63.113945028115225+0j),(49.83427603329476+0j),(55.88637560762217+0j)
75,angl_left_elbow_mov_peak_count,(41+0j),(34+0j),(30+0j),(49+0j),(44+0j),(39+0j),(41+0j),(40+0j)
76,angl_left_fingers_pos_mov_mean,(164.16501215956185+0j),(160.51227363359558+0j),(162.41282572223113+0j),(162.73885072364368+0j),(163.58442296499456+0j),(172.8964833899074+0j),(162.127377931315+0j),(176.32857242007205+0j)
77,angl_left_fingers_pos_mov_var,(19.764930785353226+0j),(31.82336074107822+0j),(16.111571621786045+0j),(18.723201163038272+0j),(25.31301490735315+0j),(12.90295799922966+0j),(29.744132769034287+0j),(5.739907400284842+0j)
78,angl_left_fingers_pos_mov_mad,(3.1049771161107316+0j),(4.458980998610727+0j),(2.9607554366983635+0j),(2.4678643083869503+0j),(3.0977649679529122+0j),(2.608811298810423+0j),(3.7620052937423196+0j),(1.599235977482195+0j)
79,angl_left_fingers_pos_mov_max,(175.57087097560026+0j),(172.28885786312338+0j),(169.5187566399973+0j),(170.69338228847582+0j),(174.06380683726476+0j),(179.80461572685297+0j),(174.5100385366304+0j),(179.9953048565098+0j)
80,angl_left_fingers_pos_mov_min,(154.4766531085357+0j),(149.61867711158956+0j),(154.2943175222624+0j),(149.2330120707898+0j),(151.73293214100636+0j),(158.3839736928789+0j),(143.9443264565314+0j),(163.77780057265622+0j)
81,angl_left_fingers_pos_mov_sma,(164.16501215956185+0j),(160.51227363359558+0j),(162.41282572223113+0j),(162.73885072364368+0j),(163.58442296499456+0j),(172.8964833899074+0j),(162.127377931315+0j),(176.32857242007205+0j)
82,angl_left_fingers_pos_mov_energy,(26969.91614813444+0j),(25796.01334776734+0j),(26394.03753070161+0j),(26502.656736015422+0j),(26785.176451697593+0j),(29906.096926595746+0j),(26315.030807652493+0j),(31097.505359100887+0j)
83,angl_left_fingers_pos_mov_iqr,(7.150548752923527+0j),(9.299093814544136+0j),(7.039324606340813+0j),(5.020847597175361+0j),(7.967209521399781+0j),(5.322258758750962+0j),(7.559011255023648+0j),(3.3024009940380665+0j)
84,angl_left_fingers_pos_mov_entropy,(5.723219327618912+0j),(5.72296697194864+0j),(5.7232803382938915+0j),(5.703426030967151+0j),(5.723110026292407+0j),(5.723368003503429+0j),(5.703214179295599+0j),(5.703689609722099+0j)
85,angl_left_fingers_pos_mov_correlation,(1+0j),(1+0j),(1+0j),(1+0j),(1+0j),(1+0j),(1+0j),(1+0j)
86,angl_left_fingers_pos_mov_kurtosis,(-0.6193999751435721+0j),(-0.9798461936786125+0j),(-1.2619790427433342+0j),(0.5618953286597566+0j),(-0.6818352716348302+0j),(1.211787300358818+0j),(0.08005971408818713+0j),(4.095263733364201+0j)
87,angl_left_fingers_pos_mov_skewness,(0.30981462474528665+0j),(-0.03928579633764126+0j),(0.2737771154734997+0j),(-0.8963808751868264+0j),(-0.39889965460503074+0j),(-0.8118051103685392+0j),(-0.3411435088967279+0j),(-1.2873572000077385+0j)
88,angl_left_fingers_pos_mov_maxFreqCompInd,0j,0j,0j,0j,0j,0j,0j,0j
89,angl_left_fingers_pos_mov_maxFreqComp,(50234.49372082592-0j),(49116.75573188025-0j),(49698.32467100273-0j),(48821.65521709311-0j),(50056.83342728834-0j),(52906.32391731165-0j),(48638.21337939451-0j),(52898.57172602162-0j)
90,angl_left_fingers_pos_mov_meanFreq,(159.64247459363466+0j),(153.78256820819252+1.4861024538773338e-15j),(168.3788875546572+2.7864421010200007e-16j),(169.34962234285226+5.684341886080802e-16j),(174.06380683726482+1.4861024538773338e-15j),(168.29861061266612+0j),(161.2392571006584+0j),(178.32906033251697-7.579122514774402e-16j)
91,angl_left_fingers_pos_mov_skewnessFreq,(17.404405339602842+2.415940027606134e-18j),(17.413163171587946+9.374407532116286e-19j),(17.40548033349486-1.5336581353891785e-18j),(17.222360615088355-6.016897619903497e-19j),(17.418369425860835-3.9852412542906234e-18j),(17.40930703197446-5.447810085172808e-19j),(17.223958020652695+0j),(17.233434719882194-3.325256657101976e-19j)
92,angl_left_fingers_pos_mov_kurtosisFreq,(300.94235187335073+5.625371670914648e-17j),(301.14132076135434+2.197153688497494e-17j),(300.9668894523982-3.5592027529681e-17j),(294.74134699029037-1.391596662574787e-17j),(301.26383733062966-9.303771950923104e-17j),(301.05702083484-1.2686503589740641e-17j),(294.7780904734773-1.5426664517043975e-21j),(294.9953258362373-7.74373793930779e-18j)
93,angl_left_fingers_pos_mov_median,(163.5104418971833+0j),(161.01260688097534+0j),(160.9858916859493+0j),(163.61295294480618+0j),(165.11842381100354+0j),(173.298181805395+0j),(162.4061790516024+0j),(176.32038893146986+0j)
94,angl_left_fingers_pos_mov_peak_count,(55+0j),(49+0j),(45+0j),(60+0j),(50+0j),(53+0j),(62+0j),(53+0j)
95,angl_left_hips_mov_mean,(106.65150227633345+0j),(110.4795004463041+0j),(105.4018924045438+0j),(104.7397649481767+0j),(142.24414333065263+0j),(103.37402305058302+0j),(96.87425904457913+0j),(106.59618414166856+0j)
96,angl_left_hips_mov_var,(2.0274302681544114+0j),(6.691993074484264+0j),(1.2270289058732256+0j),(3.2946945355369044+0j),(3.410956522301556+0j),(4.739017045245898+0j),(3.2061862154553005+0j),(7.965084417429501+0j)
97,angl_left_hips_mov_mad,(0.9124054930240675+0j),(1.917178506339532+0j),(0.6151059517895376+0j),(1.4132448822782493+0j),(0.6999940597824974+0j),(0.9684917695802824+0j),(1.1787256165237636+0j),(0.7448024161637505+0j)
98,angl_left_hips_mov_max,(111.83156156401697+0j),(113.6178783561547+0j),(108.11151106766908+0j),(112.41424215985109+0j),(145.47779109519774+0j),(111.54310958058612+0j),(101.3158346042139+0j),(122.90188161773088+0j)
99,angl_left_hips_mov_min,(103.2562430087883+0j),(104.73417982275788+0j),(102.67636418216172+0j),(101.62160306517195+0j),(132.81697409961453+0j),(94.37656475264195+0j),(92.19846167242936+0j),(102.9166024560145+0j)
100,angl_left_hips_mov_sma,(106.65150227633345+0j),(110.4795004463041+0j),(105.4018924045438+0j),(104.7397649481767+0j),(142.24414333065263+0j),(103.37402305058302+0j),(96.87425904457913+0j),(106.59618414166856+0j)
101,angl_left_hips_mov_energy,(11376.57036806691+0j),(12212.412011939387+0j),(11110.7859513649+0j),(10973.71305593484+0j),(20236.80726839355+0j),(10690.927658707715+0j),(9387.828251651677+0j),(11370.711557981936+0j)
102,angl_left_hips_mov_iqr,(1.8360362947491353+0j),(4.485482787572607+0j),(1.3024528426146276+0j),(2.7941836744038966+0j),(1.4034820685818659+0j),(1.905381324457366+0j),(2.4286610936216846+0j),(1.4742705496526014+0j)
103,angl_left_hips_mov_entropy,(5.72349598034887+0j),(5.723309809036496+0j),(5.723529801500064+0j),(5.703633038057006+0j),(5.723500019284824+0j),(5.723363806437003+0j),(5.703611590306851+0j),(5.703443445653077+0j)
104,angl_left_hips_mov_correlation,(1+0j),(1+0j),(1+0j),(1+0j),(1+0j),(1+0j),(1+0j),(1+0j)
105,angl_left_hips_mov_kurtosis,(0.5663890261026183+0j),(-1.0294277684999298+0j),(0.05258252456995782+0j),(1.1370749737139532+0j),(7.324253311699776+0j),(4.805174890457605+0j),(-0.24097570705098725+0j),(17.297079582349944+0j)
106,angl_left_hips_mov_skewness,(0.02312428453432911+0j),(-0.5184320167704815+0j),(-0.37900607450318136+0j),(0.8718643809519362+0j),(-2.102955295414025+0j),(0.36437203665628115+0j),(-0.0343561471013961+0j),(3.954417657436236+0j)
107,angl_left_hips_mov_maxFreqCompInd,0j,0j,0j,0j,0j,0j,0j,0j
108,angl_left_hips_mov_maxFreqComp,(32635.359696558033-0j),(33806.72713656905-0j),(32252.9790757904-0j),(31421.92948445301-0j),(43526.7078591797-0j),(31632.451053478402-0j),(29062.27771337374-0j),(31978.855242500562-0j)
109,angl_left_hips_mov_meanFreq,(111.56625048169248+0j),(108.43384287297327+0j),(105.6308490282052+4.644070168366668e-17j),(109.83052584260652-3.789561257387201e-16j),(134.16355963951736-7.430512269386669e-16j),(104.83395954157352-3.7152561346933344e-16j),(94.92153682773537+0j),(119.39357352936108+0j)
110,angl_left_hips_mov_skewnessFreq,(17.408465749319195+3.770088304592912e-21j),(17.40328486020611-1.6942351475390322e-21j),(17.406434531359967-7.465702962465421e-20j),(17.230085113932933+2.4315330574438737e-19j),(17.407150281295714-7.106392895165469e-19j),(17.40600107707527+6.186740131986293e-19j),(17.235024888635664+0j),(17.234623795385343-1.4736405880797783e-18j)
111,angl_left_hips_mov_kurtosisFreq,(301.03749157524845+2.591328289108689e-22j),(300.9183079140782+1.685724426431021e-22j),(300.9904716325171-1.7565786554628443e-18j),(294.9190060953863+5.608913147022361e-18j),(301.0070400971781-1.6645904305468063e-17j),(300.9805769443956+1.4328650225252064e-17j),(295.03168925950047+4.0367056264916126e-22j),(295.02249839413207-3.4067967030555655e-17j)
112,angl_left_hips_mov_median,(106.7751353025949+0j),(111.18804748961412+0j),(105.59687486181744+0j),(104.61403082638799+0j),(142.4257196754013+0j),(103.47453337460271+0j),(96.774196652509+0j),(106.09981499779417+0j)
113,angl_left_hips_mov_peak_count,(38+0j),(34+0j),(39+0j),(43+0j),(43+0j),(49+0j),(46+0j),(45+0j)
114,angl_left_should_mov_mean,(23.707912047851234+0j),(12.99720837814658+0j),(17.3870047148867+0j),(16.294772737708886+0j),(22.175647508447657+0j),(24.75426171232799+0j),(20.16727272116071+0j),(9.998766925035206+0j)
115,angl_left_should_mov_var,(3.615322142997421+0j),(1.016523692785237+0j),(1.4993072326986712+0j),(5.187178902237303+0j),(2.8297181657478756+0j),(5.726431774283909+0j),(3.2564019914354674+0j),(1.9998207446249223+0j)
116,angl_left_should_mov_mad,(0.9577539034196896+0j),(0.3758196273325254+0j),(0.44366259043025735+0j),(1.578136978476028+0j),(1.453136895357094+0j),(2.2081470836829915+0j),(1.474185588042607+0j),(1.0837698173588217+0j)
117,angl_left_should_mov_max,(28.17223379825615+0j),(17.079970866703317+0j),(19.58662802672852+0j),(22.771818657343797+0j),(26.07423080985305+0j),(33.20425994304374+0j),(24.60421639920077+0j),(13.962377256476056+0j)
118,angl_left_should_mov_min,(18.09642834573322+0j),(11.04089211740584+0j),(13.73457975230745+0j),(11.61727179101209+0j),(19.455168877114527+0j),(20.77846115630657+0j),(16.442327905604206+0j),(7.639176319822896+0j)
119,angl_left_should_mov_sma,(23.707912047851234+0j),(12.99720837814658+0j),(17.3870047148867+0j),(16.294772737708886+0j),(22.175647508447657+0j),(24.75426171232799+0j),(20.16727272116071+0j),(9.998766925035206+0j)
120,angl_left_should_mov_energy,(565.6804158116472+0j),(169.94394931774886+0j),(303.80724018819103+0j),(270.70679747581795+0j),(494.5890605846687+0j),(618.4999046967114+0j),(409.9752910011084+0j),(101.9751607658029+0j)
121,angl_left_should_mov_iqr,(1.7912517889784247+0j),(0.8477103002249571+0j),(1.5788656038683797+0j),(2.9673866169047987+0j),(2.8755313937771447+0j),(4.431528495162727+0j),(3.0740462092461627+0j),(2.421953453429561+0j)
122,angl_left_should_mov_entropy,(5.7202977205892935+0j),(5.72067531026919+0j),(5.721038321356296+0j),(5.6940329292120095+0j),(5.72072678063242+0j),(5.718934901839813+0j),(5.699800788912482+0j),(5.693940664548646+0j)
123,angl_left_should_mov_correlation,(1+0j),(1+0j),(1+0j),(1+0j),(1+0j),(1+0j),(1+0j),(1+0j)
124,angl_left_should_mov_kurtosis,(0.799761191863396+0j),(3.60915631109681+0j),(0.3449766329142472+0j),(-0.2036450834837331+0j),(-0.956937775670966+0j),(-0.7100115118682249+0j),(-0.6443622652396401+0j),(-0.7486002392962416+0j)
125,angl_left_should_mov_skewness,(-0.6638939750185153+0j),(1.4985313026479972+0j),(-1.022080815831791+0j),(0.23126920303029017+0j),(0.333297759082678+0j),(0.25295610001097274+0j),(0.2836399975755476+0j),(0.4853962781041578+0j)
126,angl_left_should_mov_maxFreqCompInd,0j,0j,0j,0j,0j,0j,0j,0j
127,angl_left_should_mov_maxFreqComp,(7254.621086642478-0j),(3977.1457637128533-0j),(5320.42344275533-0j),(4888.431821312666-0j),(6785.748137584982-0j),(7574.804083972364-0j),(6050.181816348213-0j),(2999.6300775105615-0j)
128,angl_left_should_mov_meanFreq,(26.659483823798368+0j),(11.318788088266162+0j),(18.097833965811095+0j),(20.306568920217742+0j),(25.19263895716234+0j),(26.939218491933293+0j),(20.383745978806036+0j),(13.962377256476058+0j)
129,angl_left_should_mov_skewnessFreq,(17.455349337123998-7.368825052444287e-18j),(17.416650884483033-2.9476639395936683e-18j),(17.365142251903222-6.762305028711994e-18j),(17.507221529947355-2.4645869226634737e-17j),(17.50131925924089-8.676598945023872e-18j),(17.48661175797037-6.54736572439145e-18j),(17.276643797048628+1.0353020022468355e-17j),(17.256992819628323+1.4682107976530065e-18j)
130,angl_left_should_mov_kurtosisFreq,(302.13503281964114-1.6969128911608845e-16j),(301.2210611018187-7.016425826708662e-17j),(300.0131400783538-1.5611553644820488e-16j),(301.36571534520544-5.647434261346782e-16j),(303.1366632392234-1.9498317580776062e-16j),(302.9072055357513-1.5643150934309248e-16j),(295.8960470864811+2.3881773925339306e-16j),(295.5243956665247+3.049433469020478e-17j)
131,angl_left_should_mov_median,(23.81549909384268+0j),(12.89753948298382+0j),(17.898296671243724+0j),(16.040612795025424+0j),(22.11518127756525+0j),(24.326285451199254+0j),(19.96094238983212+0j),(9.653658473375131+0j)
132,angl_left_should_mov_peak_count,(31+0j),(35+0j),(30+0j),(40+0j),(35+0j),(44+0j),(36+0j),(36+0j)
133,angl_left_wrist_round_mean,(42.571623524195694+0j),(32.815103647762605+0j),(57.142239334076415+0j),(47.17885391372445+0j),(47.74683438617757+0j),(37.36139115679793+0j),(46.533591424867055+0j),(32.60675846594957+0j)
134,angl_left_wrist_round_var,(16.12041077299408+0j),(14.718716426043477+0j),(22.658271162594236+0j),(48.067624499055434+0j),(55.51678594586316+0j),(53.8465682470181+0j),(22.031731018208454+0j),(4.7783669635781685+0j)
135,angl_left_wrist_round_mad,(2.270214024749343+0j),(2.170885022310454+0j),(3.5097047775417494+0j),(5.2624422236229265+0j),(5.826338339983625+0j),(3.492550451876749+0j),(3.1421244805504855+0j),(1.4459141521074592+0j)
136,angl_left_wrist_round_max,(54.75188368783096+0j),(39.500564459616335+0j),(67.34544249429494+0j),(64.26159610577315+0j),(61.67597556950905+0j),(62.99653622038578+0j),(60.491750324853335+0j),(38.81940134721509+0j)
137,angl_left_wrist_round_min,(34.49251639803072+0j),(20.328569331616062+0j),(46.76638214981628+0j),(31.610953106866024+0j),(17.917794415277477+0j),(6.757520754610543+0j),(32.46650173641648+0j),(26.323968367042266+0j)
138,angl_left_wrist_round_sma,(42.571623524195694+0j),(32.815103647762605+0j),(57.142239334076415+0j),(47.17885391372445+0j),(47.74683438617757+0j),(37.36139115679793+0j),(46.533591424867055+0j),(32.60675846594957+0j)
139,angl_left_wrist_round_energy,(1828.4635402588467+0j),(1091.5497438394464+0j),(3287.893787275464+0j),(2273.9118811116086+0j),(2335.2769798469317+0j),(1449.7201174182765+0j),(2187.406861914669+0j),(1067.9790646203521+0j)
140,angl_left_wrist_round_iqr,(4.644745626118137+0j),(5.063866742690816+0j),(7.212370874604055+0j),(10.701645730681683+0j),(11.044862599747482+0j),(6.808163488607114+0j),(6.329676013173163+0j),(2.6591113901432166+0j)
141,angl_left_wrist_round_entropy,(5.719236875679071+0j),(5.716431869795267+0j),(5.720062167703107+0j),(5.692855585683637+0j),(5.7108023657064155+0j),(5.704642694202708+0j),(5.69867740255901+0j),(5.70153198588557+0j)
142,angl_left_wrist_round_correlation,(1+0j),(1+0j),(1+0j),(1+0j),(1+0j),(1+0j),(1+0j),(1+0j)
143,angl_left_wrist_round_kurtosis,(0.6728777655385705+0j),(0.5422515995664039+0j),(-0.6665715302813249+0j),(-0.5591296652424242+0j),(0.5292493719187203+0j),(2.463018929019829+0j),(-0.16974129334998356+0j),(0.209712898762771+0j)
144,angl_left_wrist_round_skewness,(0.8674462220084627+0j),(-0.9507507359197239+0j),(-0.4512369568295118+0j),(-0.05973959714315274+0j),(-0.5914173396681057+0j),(0.8478880103929101+0j),(0.03983564421618757+0j),(0.0424946706512833+0j)
145,angl_left_wrist_round_maxFreqCompInd,0j,0j,0j,0j,0j,0j,0j,0j
146,angl_left_wrist_round_maxFreqComp,(13026.916798403885-0j),(10041.421716215358-0j),(17485.525236227382-0j),(14153.656174117335-0j),(14610.531322170336-0j),(11432.585693980167-0j),(13960.077427460115-0j),(9782.027539784869-0j)
147,angl_left_wrist_round_meanFreq,(40.62990383265595-7.430512269386669e-16j),(36.95797507241385-7.430512269386669e-16j),(52.45250635176143-1.8576280673466672e-16j),(33.512591404725526+1.5158245029548805e-15j),(51.18638655219204-3.7152561346933344e-16j),(22.57354056666018-2.9722049077546675e-15j),(52.63995058434289-7.579122514774402e-16j),(36.86598751420144+1.8947806286936006e-16j)
148,angl_left_wrist_round_skewnessFreq,(17.494513397868438-3.698639037408412e-18j),(17.524868412873875-1.9046381010327557e-17j),(17.334355601343024+5.8511499384643395e-19j),(17.32202322774601+1.9015064212313386e-18j),(17.497080950698663+1.5211937404556963e-18j),(17.440898192342658-2.0326601510565226e-17j),(17.222213201459798-4.978251799487362e-18j),(17.262927618378903-1.0075688887612393e-18j)
149,angl_left_wrist_round_kurtosisFreq,(303.0440246720978-8.840852804588262e-17j),(303.7057890836176-4.447869905776503e-16j),(299.3578857929312+1.2893686461208015e-17j),(297.0682505876778+4.645344274552325e-17j),(303.2307027305685+2.9950833653066414e-17j),(301.87522512805987-4.979748849741578e-16j),(294.7366705492499-1.1370805225698046e-16j),(295.6701645361104-2.3220471753449217e-17j)
150,angl_left_wrist_round_median,(41.836280103318146+0j),(33.92142298909487+0j),(57.88549746341916+0j),(47.30091527104962+0j),(47.108520307772565+0j),(36.65775304022783+0j),(46.84332781034409+0j),(32.50128587408902+0j)
151,angl_left_wrist_round_peak_count,(46+0j),(56+0j),(48+0j),(56+0j),(51+0j),(51+0j),(67+0j),(45+0j)
152,angl_right_cheek_mov_mean,(105.19298842659988+0j),(120.99442107065978+0j),(96.17144005640691+0j),(109.75083163149927+0j),(98.87696094208786+0j),(109.3148767401591+0j),(106.89592539642416+0j),(109.90747571622592+0j)
153,angl_right_cheek_mov_var,(55.63810466666057+0j),(12.318163663468722+0j),(8.484088639150702+0j),(43.5496027802694+0j),(9.900600112417582+0j),(106.74335138331307+0j),(15.603700007602395+0j),(30.997592630499252+0j)
154,angl_right_cheek_mov_mad,(6.068263843867626+0j),(2.795228751905057+0j),(1.9017421979781943+0j),(5.37279572583315+0j),(1.6381771581343898+0j),(6.275865746223232+0j),(2.6001036860458697+0j),(3.411254258793953+0j)
155,angl_right_cheek_mov_max,(122.96944578755608+0j),(126.84187396585132+0j),(111.86497347176682+0j),(121.51903564202728+0j),(104.73750186882206+0j),(123.13296799435962+0j),(118.15874958929986+0j),(121.18901106308184+0j)
156,angl_right_cheek_mov_min,(92.233324332251+0j),(109.2130098789796+0j),(90.78923306560571+0j),(95.12812840530113+0j),(87.13348380128659+0j),(85.32728958650601+0j),(95.7150130335173+0j),(93.7652546821828+0j)
157,angl_right_cheek_mov_sma,(105.19298842659988+0j),(120.99442107065978+0j),(96.17144005640691+0j),(109.75083163149927+0j),(98.87696094208786+0j),(109.3148767401591+0j),(106.89592539642416+0j),(109.90747571622592+0j)
158,angl_right_cheek_mov_energy,(11121.202918785439+0j),(14651.968093887595+0j),(9257.429971162217+0j),(12088.794646585966+0j),(9786.554005255588+0j),(12056.485628099486+0j),(11442.342566365485+0j),(12110.650810943287+0j)
159,angl_right_cheek_mov_iqr,(12.098902964457793+0j),(5.712448714758722+0j),(3.6978639979962225+0j),(10.471526782331523+0j),(3.711753260460071+0j),(15.444898837369095+0j),(5.7894391945679615+0j),(6.902471903522937+0j)
160,angl_right_cheek_mov_entropy,(5.721080204387455+0j),(5.7231623720886216+0j),(5.72313140039129+0j),(5.701970537397813+0j),(5.723072773489289+0j),(5.719005615097031+0j),(5.703098627788858+0j),(5.702484393928812+0j)
161,angl_right_cheek_mov_correlation,(1+0j),(1+0j),(1+0j),(1+0j),(1+0j),(1+0j),(1+0j),(1+0j)
162,angl_right_cheek_mov_kurtosis,(-0.8140734949227317+0j),(-0.09658764619944682+0j),(2.8004078313623983+0j),(-0.9990399171021656+0j),(0.862862913964261+0j),(-0.7957887776004853+0j),(0.10050615160451315+0j),(0.4799984118383245+0j)
163,angl_right_cheek_mov_skewness,(0.2288258532404986+0j),(-0.45257364626020796+0j),(1.15144952731371+0j),(-0.054728794096514245+0j),(-1.0507303276681808+0j),(-0.6908500306112051+0j),(-0.06978700353871185+0j),(-0.6009417850314154+0j)
164,angl_right_cheek_mov_maxFreqCompInd,0j,0j,0j,0j,0j,0j,0j,0j
165,angl_right_cheek_mov_maxFreqComp,(32189.05445853957-0j),(37024.2928476219-0j),(29428.46065726051-0j),(32925.24948944978-0j),(30256.35004827888-0j),(33450.352282488675-0j),(32068.777618927248-0j),(32972.24271486777-0j)
166,angl_right_cheek_mov_meanFreq,(102.61203425467777+0j),(117.65517372100142-1.4861024538773338e-15j),(111.86497347176686+0j),(119.61636964188341+1.5158245029548805e-15j),(98.4077403842021+7.430512269386669e-16j),(91.70947731477196+7.430512269386669e-16j),(118.15874958929984-1.4210854715202004e-16j),(93.76525468218277+0j)
167,angl_right_cheek_mov_skewnessFreq,(17.43632828035594-1.4686462291641144e-18j),(17.415105719987057+1.5548409996850739e-18j),(17.4054719189276+1.762314078152061e-18j),(17.24263257628016-5.1875237522014834e-18j),(17.399502086268583-4.55732253357598e-19j),(17.463170374906205+4.46545418893804e-18j),(17.227795489932795-4.979882959808041e-19j),(17.267595403264192-1.4479129198168194e-20j)
168,angl_right_cheek_mov_kurtosisFreq,(301.6840797805154-3.4372001067198835e-17j),(301.19161762860296+3.603300811659601e-17j),(300.96795813441264+4.103571205987323e-17j),(295.226602970781-1.1944321160050026e-16j),(300.83000107047434-1.0566619430850357e-17j),(302.3657560368958+1.0031796562866507e-16j),(294.8652213676901-1.1623365804369593e-17j),(295.7745398431552+0j)
169,angl_right_cheek_mov_median,(105.80283892086625+0j),(121.07728735632256+0j),(95.89541979259815+0j),(110.04820250629584+0j),(99.76904377008808+0j),(112.78385178749838+0j),(106.36499784194527+0j),(110.22985141946455+0j)
170,angl_right_cheek_mov_peak_count,(34+0j),(40+0j),(38+0j),(52+0j),(42+0j),(46+0j),(39+0j),(56+0j)
171,angl_right_elbow_mov_mean,(33.06227324205745+0j),(18.811118615214845+0j),(76.41312217106318+0j),(58.718044206408265+0j),(53.807729098185376+0j),(47.20574971108736+0j),(35.03347984078144+0j),(50.262645756147286+0j)
172,angl_right_elbow_mov_var,(654.9563515054102+0j),(581.8066216407595+0j),(1068.3921683392482+0j),(607.4857705323038+0j),(39.04158487341972+0j),(211.10081778791323+0j),(202.23751153257143+0j),(35.30161199903517+0j)
173,angl_right_elbow_mov_mad,(17.36281833366737+0j),(6.028719953949342+0j),(20.149214276556208+0j),(9.865669406382438+0j),(3.773282260566994+0j),(3.970436105601351+0j),(5.980729549942952+0j),(2.4111108009637974+0j)
174,angl_right_elbow_mov_max,(103.31819146954068+0j),(102.8124980711836+0j),(138.03867979911934+0j),(151.92012704418028+0j),(69.91591935154756+0j),(107.3072958241981+0j),(77.6813700575688+0j),(64.71637138792731+0j)
175,angl_right_elbow_mov_min,(0.0847171605211524+0j),(1.0171254469949893+0j),(0.1117864581137639+0j),(1.1076671808002465+0j),(41.00479696538631+0j),(24.58048323298292+0j),(2.1420752798670275+0j),(32.820106390558564+0j)
176,angl_right_elbow_mov_sma,(33.06227324205745+0j),(18.811118615214845+0j),(76.41312217106318+0j),(58.718044206408265+0j),(53.807729098185376+0j),(47.20574971108736+0j),(35.03347984078144+0j),(50.262645756147286+0j)
177,angl_right_elbow_mov_energy,(1748.070263437878+0j),(935.6648051964419+0j),(6907.357408269074+0j),(4055.2944859580207+0j),(2934.3132955771252+0j),(2439.483623573737+0j),(1429.582221287011+0j),(2561.6351704069857+0j)
178,angl_right_elbow_mov_iqr,(37.74861942730279+0j),(21.747657818922953+0j),(49.41271315133145+0j),(19.320504532035493+0j),(7.322429651246466+0j),(8.524408565320066+0j),(15.89304793212315+0j),(4.957698588994219+0j)
179,angl_right_elbow_mov_entropy,(5.421136922711426+0j),(5.078547746113342+0j),(5.625422504085257+0j),(5.6139722845767785+0j),(5.716825708815914+0j),(5.683076564915725+0j),(5.6197443364595365+0j),(5.696506818345183+0j)
180,angl_right_elbow_mov_correlation,(1+0j),(1+0j),(1+0j),(1+0j),(1+0j),(1+0j),(1+0j),(1+0j)
181,angl_right_elbow_mov_kurtosis,(0.14593163438844226+0j),(2.2926908133173614+0j),(-0.7337038670656879+0j),(2.6956377932570215+0j),(-0.056631878798520496+0j),(5.698900904699251+0j),(0.8143060541248999+0j),(1.335309805955741+0j)
182,angl_right_elbow_mov_skewness,(0.8819179490448501+0j),(1.7788074731628638+0j),(0.19756479884609188+0j),(0.9517082927747131+0j),(0.10242208730845116+0j),(2.246849344399898+0j),(0.6320525141392099+0j),(-0.7580296371513693+0j)
183,angl_right_elbow_mov_maxFreqCompInd,0j,0j,0j,0j,0j,0j,0j,0j
184,angl_right_elbow_mov_maxFreqComp,(10117.05561206958-0j),(5756.202296255742-0j),(23382.41538434533-0j),(17615.413261922484-0j),(16465.165104044725-0j),(14444.959411592732-0j),(10510.043952234431-0j),(15078.793726844186-0j)
185,angl_right_elbow_mov_meanFreq,(0.12385521163653072+2.9722049077546675e-15j),(5.842130124802414+1.4861024538773338e-15j),(59.99852839562928-2.9722049077546675e-15j),(47.67567120349061-3.031649005909761e-15j),(53.68135852280414+3.7152561346933344e-16j),(40.03923857975527+7.430512269386669e-16j),(48.058598971227354+9.473903143468002e-16j),(55.84589208390535+0j)
186,angl_right_elbow_mov_skewnessFreq,(19.37203730772928+1.3051469930229612e-15j),(8.035576920056434-1.3684041233935159e-15j),(18.068444872269513-1.6724615330818374e-16j),(15.334156572876424+1.2860521035455105e-16j),(17.500149118550958+1.1629446985444493e-17j),(17.449069949182814+0j),(16.96882878005921-3.4952958189753655e-18j),(17.092435057660364+6.40421430749776e-18j)
187,angl_right_elbow_mov_kurtosisFreq,(277.6874220305209+2.0174755050726978e-14j),(133.0616816626376-3.0198115990627877e-14j),(313.0093963153667-4.219573135012679e-15j),(254.39366087030942+2.878294674405186e-15j),(303.26794114448245+2.6982919603690464e-16j),(302.16389640693023-5.885448013510843e-17j),(284.80809497325345-4.691325643016245e-17j),(291.757694609752+1.5070820316556785e-16j)
188,angl_right_elbow_mov_median,(25.931790485540347+0j),(8.20104852605052+0j),(66.30985482651792+0j),(56.67715840942621+0j),(55.202870868312964+0j),(42.650730911388365+0j),(30.98390930271961+0j),(50.81616191218126+0j)
189,angl_right_elbow_mov_peak_count,(29+0j),(37+0j),(15+0j),(30+0j),(32+0j),(36+0j),(31+0j),(38+0j)
190,angl_right_fingers_pos_mov_mean,(137.9363953726195+0j),(117.96622336905111+0j),(158.55910988341506+0j),(158.07508369856623+0j),(170.8296035419344+0j),(173.62437621542827+0j),(147.66164760635678+0j),(162.21584094042302+0j)
191,angl_right_fingers_pos_mov_var,(199.17509054525212+0j),(319.4475631028705+0j),(207.3598283029018+0j),(96.00058697397905+0j),(24.075515307629086+0j),(29.109156806506007+0j),(220.62733428760015+0j),(23.81454794783596+0j)
192,angl_right_fingers_pos_mov_mad,(12.434555375986328+0j),(10.291340301886272+0j),(7.1428479856270854+0j),(6.70935184882336+0j),(4.197410751145256+0j),(2.5292903521816754+0j),(8.367220775659376+0j),(2.583088907524086+0j)
193,angl_right_fingers_pos_mov_max,(164.03458372856502+0j),(161.83129075076195+0j),(179.95752394888274+0j),(179.82076410439166+0j),(179.97549794805363+0j),(179.97032455755334+0j),(179.44516223420123+0j),(177.62426171265392+0j)
194,angl_right_fingers_pos_mov_min,(106.4813687226958+0j),(11.500994550927446+0j),(85.88115323966909+0j),(132.23076789272892+0j),(162.67836462176965+0j),(146.24955445794163+0j),(107.78376735336286+0j),(147.65165721335114+0j)
195,angl_right_fingers_pos_mov_sma,(137.9363953726195+0j),(117.96622336905111+0j),(158.55910988341506+0j),(158.07508369856623+0j),(170.8296035419344+0j),(173.62437621542827+0j),(147.66164760635678+0j),(162.21584094042302+0j)
196,angl_right_fingers_pos_mov_energy,(19225.624258936856+0j),(14235.477419059729+0j),(25348.351155323788+0j),(25083.732673282702+0j),(29206.828961602125+0j),(30174.53317300308+0j),(22024.589508111494+0j),(26337.793599956458+0j)
197,angl_right_fingers_pos_mov_iqr,(23.979022306851107+0j),(23.53277504099927+0j),(14.3485382091296+0j),(13.50048007789664+0j),(8.699005882037767+0j),(5.058503620541501+0j),(17.185771547587137+0j),(5.651742473435434+0j)
198,angl_right_fingers_pos_mov_entropy,(5.718320586109262+0j),(5.710887497734834+0j),(5.71925870549761+0j),(5.701857714927953+0j),(5.723172373207311+0j),(5.723092388965611+0j),(5.698596772744786+0j),(5.703332595196763+0j)
199,angl_right_fingers_pos_mov_correlation,(1+0j),(1+0j),(1+0j),(1+0j),(1+0j),(1+0j),(1+0j),(1+0j)
200,angl_right_fingers_pos_mov_kurtosis,(-1.083666920116307+0j),(4.401858544703337+0j),(3.1782350593022413+0j),(-0.25856848095096874+0j),(-1.2575006669983093+0j),(4.4120819241909555+0j),(-0.18283800959636087+0j),(0.9580460836776856+0j)
201,angl_right_fingers_pos_mov_skewness,(-0.06947442798525237+0j),(-0.938343384844908+0j),(-1.2642776839922596+0j),(-0.00947571874607672+0j),(-0.0340313991957515+0j),(-1.8556076353081785+0j),(-0.5908427709936255+0j),(0.6375739298693989+0j)
202,angl_right_fingers_pos_mov_maxFreqCompInd,0j,0j,0j,0j,0j,0j,0j,0j
203,angl_right_fingers_pos_mov_maxFreqComp,(42208.536984021564-0j),(36097.66435092964-0j),(48519.087624325-0j),(47422.52510956987-0j),(52273.858683831924-0j),(53129.05912192105-0j),(44298.494281907035-0j),(48664.7522821269-0j)
204,angl_right_fingers_pos_mov_meanFreq,(143.40471874212622-2.9722049077546675e-15j),(123.09276239460308-2.9722049077546675e-15j),(157.71890571532157+7.430512269386669e-16j),(162.41721396788338+0j),(162.86392492178373+0j),(172.51043619723754-2.9722049077546675e-15j),(155.74925561903825-7.579122514774402e-16j),(166.69990073369505+0j)
205,angl_right_fingers_pos_mov_skewnessFreq,(17.337635424591447-2.8049334084994e-18j),(17.355300221923407-4.963478298842696e-18j),(17.417079223526684-6.067705555751324e-18j),(17.193842378985774+2.7532209352890526e-18j),(17.41471309366535-2.2330224646730366e-18j),(17.41253676414932+7.733423514892048e-19j),(17.22743967449884-8.369678699383608e-18j),(17.234740806079472+0j)
206,angl_right_fingers_pos_mov_kurtosisFreq,(299.39723538779083-7.295772585285154e-17j),(299.91788951516446-1.1639053139995882e-16j),(301.23280370694306-1.3950699549472171e-16j),(294.10936331925046+6.170264599849418e-17j),(301.179231784667-5.200436615402933e-17j),(301.13041035926125+1.7930052157228408e-17j),(294.8031443269814-1.9226847498357224e-16j),(295.0248361285491+0j)
207,angl_right_fingers_pos_mov_median,(137.36273452343352+0j),(119.61240660288188+0j),(159.05223246054754+0j),(157.5956130223883+0j),(172.04775388602476+0j),(174.94638232278524+0j),(149.65602334655284+0j),(161.5149270719801+0j)
208,angl_right_fingers_pos_mov_peak_count,(54+0j),(39+0j),(53+0j),(57+0j),(62+0j),(63+0j),(52+0j),(55+0j)
209,angl_right_hips_mov_mean,(76.67299907328557+0j),(119.1249628022759+0j),(87.2615328611937+0j),(81.60997806413015+0j),(108.30369441875399+0j),(63.95266338900794+0j),(68.06323738927203+0j),(106.78833717838044+0j)
210,angl_right_hips_mov_var,(2.130888730008991+0j),(10.0044942336923+0j),(1.1764761284670555+0j),(2.035688582797265+0j),(13.411454686072158+0j),(6.636650744246145+0j),(2.202422099145383+0j),(2.743965121281389+0j)
211,angl_right_hips_mov_mad,(0.903713112617119+0j),(1.4585623463493889+0j),(0.713071506004944+0j),(0.7825316606686172+0j),(2.1173241329250416+0j),(1.1036271972659968+0j),(1.1288241559931649+0j),(0.8137844064086579+0j)
212,angl_right_hips_mov_max,(79.99110388103917+0j),(127.40545259025676+0j),(89.74234602086334+0j),(84.90852737018837+0j),(124.70977982859964+0j),(77.2052860926839+0j),(71.93153972382852+0j),(109.4120129044893+0j)
213,angl_right_hips_mov_min,(73.2433317334079+0j),(114.24780447696992+0j),(85.39037621781739+0j),(75.71334196559405+0j),(100.53896279199355+0j),(60.18411549981538+0j),(64.4662546002553+0j),(97.75311032579226+0j)
214,angl_right_hips_mov_sma,(76.67299907328557+0j),(119.1249628022759+0j),(87.2615328611937+0j),(81.60997806413015+0j),(108.30369441875399+0j),(63.95266338900794+0j),(68.06323738927203+0j),(106.78833717838044+0j)
215,angl_right_hips_mov_energy,(5880.879675622058+0j),(14200.76125687731+0j),(7615.751593413656+0j),(6662.224208210602+0j),(11743.101679436915+0j),(4096.579805292004+0j),(4634.8067060075455+0j),(11406.492922444753+0j)
216,angl_right_hips_mov_iqr,(2.2179781645291428+0j),(5.027325026604885+0j),(1.7348454015531871+0j),(1.7080426526634938+0j),(4.28667996160415+0j),(2.2007365852830176+0j),(2.3359470693060302+0j),(1.5450697756999432+0j)
217,angl_right_hips_mov_entropy,(5.723404262527833+0j),(5.723234814938292+0j),(5.723508046124194+0j),(5.703628554729207+0j),(5.72302161431179+0j),(5.722794149632558+0j),(5.703545522661168+0j),(5.703660414073167+0j)
218,angl_right_hips_mov_correlation,(1+0j),(1+0j),(1+0j),(1+0j),(1+0j),(1+0j),(1+0j),(1+0j)
219,angl_right_hips_mov_kurtosis,(-0.560839346792342+0j),(-0.6718992624238433+0j),(-0.8718732337715798+0j),(2.3863947511879484+0j),(4.031179202763241+0j),(6.5576521031708985+0j),(-0.2940884283864529+0j),(11.27295090331628+0j)
220,angl_right_hips_mov_skewness,(0.36836433882228276+0j),(0.7396446125310705+0j),(0.6247261015746437+0j),(-1.180667412657211+0j),(1.3841626903513071+0j),(2.0460162096926466+0j),(0.4672127308135954+0j),(-2.698519903396248+0j)
221,angl_right_hips_mov_maxFreqCompInd,0j,0j,0j,0j,0j,0j,0j,0j
222,angl_right_hips_mov_maxFreqComp,(23461.937716425386-0j),(36452.23861749642-0j),(26702.029055525272-0j),(24482.993419239043-0j),(33140.93049213872-0j),(19569.51499703643-0j),(20418.971216781614-0j),(32036.50115351413-0j)
223,angl_right_hips_mov_meanFreq,(74.06059146934902+7.430512269386669e-16j),(123.81159574344515+0j),(85.39037621781745+9.288140336733336e-17j),(79.13632106944736+0j),(105.58822304556197-3.7152561346933344e-16j),(65.19020127494781+7.430512269386669e-16j),(69.7763673413749-3.789561257387201e-16j),(97.90567584218024+7.579122514774402e-16j)
224,angl_right_hips_mov_skewnessFreq,(17.40813511534265-1.667784918838488e-18j),(17.403577554604063+2.922750211998566e-19j),(17.404527796957144-4.494637640705226e-19j),(17.229967509043213+6.293107816449172e-19j),(17.414938042394514+5.931555293548479e-19j),(17.404692704550094-3.974253364206947e-18j),(17.23525491448037+9.674716157195035e-19j),(17.233541308607492-2.7076642454098395e-18j)
225,angl_right_hips_mov_kurtosisFreq,(301.029503276849-3.8637078019380554e-17j),(300.924602000673+6.675522721128001e-18j),(300.9464176665621-1.0464896040802361e-17j),(294.91595798400857+1.4508189431002336e-17j),(301.18664145752905+1.3684287281173967e-17j),(300.949450620865-9.266708710808856e-17j),(295.0375927187138+2.220056954949842e-17j),(294.99787002882385-6.2181962986496e-17j)
226,angl_right_hips_mov_median,(76.40627547264415+0j),(117.61026098971739+0j),(86.90596609678778+0j),(81.90573992731765+0j),(107.8433198431488+0j),(63.45623513878898+0j),(67.86884042392009+0j),(106.91275571484611+0j)
227,angl_right_hips_mov_peak_count,(37+0j),(35+0j),(48+0j),(50+0j),(42+0j),(40+0j),(53+0j),(38+0j)
228,angl_right_should_mov_mean,(38.92233997421764+0j),(36.63481152094277+0j),(26.582487638695557+0j),(25.749289331175824+0j),(14.566748177242522+0j),(12.220559418022663+0j),(32.87421659567847+0j),(11.248902537223433+0j)
229,angl_right_should_mov_var,(218.1163684081628+0j),(47.80114170264193+0j),(44.06024895813775+0j),(138.6927407707546+0j),(9.387761957946314+0j),(11.919485360640492+0j),(430.9657698520547+0j),(70.46869066400534+0j)
230,angl_right_should_mov_mad,(14.124802438544139+0j),(6.124675179168463+0j),(3.091536620487773+0j),(4.456675736075367+0j),(2.5563979383357616+0j),(0.9796756151628001+0j),(4.020598200557183+0j),(5.124252257826844+0j)
231,angl_right_should_mov_max,(69.39762207874409+0j),(50.31659683623988+0j),(53.58006826861395+0j),(66.68974443712123+0j),(21.667259425299285+0j),(23.237941428662584+0j),(102.31149452879868+0j),(33.98863838762332+0j)
232,angl_right_should_mov_min,(18.487512742240742+0j),(24.01489958360563+0j),(19.98560739751328+0j),(12.949144057130454+0j),(6.246622430279274+0j),(8.421424798132023+0j),(15.84105724904518+0j),(0.0010659736368696+0j)
233,angl_right_should_mov_sma,(38.92233997421764+0j),(36.63481152094277+0j),(26.582487638695557+0j),(25.749289331175824+0j),(14.566748177242522+0j),(12.220559418022663+0j),(32.87421659567847+0j),(11.248902537223433+0j)
234,angl_right_should_mov_energy,(1733.0649174767436+0j),(1389.9105568776429+0j),(750.6888980195397+0j),(801.7186418313597+0j),(221.57791441714463+0j),(161.2615578500629+0j),(1511.6798866316367+0j),(197.00649895595717+0j)
235,angl_right_should_mov_iqr,(29.0654740145965+0j),(12.069281606879212+0j),(8.793313965040724+0j),(16.845797252931582+0j),(5.180329835718311+0j),(3.4272537463221457+0j),(9.914369041467335+0j),(11.045371336352005+0j)
236,angl_right_should_mov_entropy,(5.651190306951128+0j),(5.705559057334446+0j),(5.695843160829135+0j),(5.6118826595688205+0j),(5.701335733579127+0j),(5.688000310671622+0j),(5.552087189650351+0j),(5.437233063083481+0j)
237,angl_right_should_mov_correlation,(1+0j),(1+0j),(1+0j),(1+0j),(1+0j),(1+0j),(1+0j),(1+0j)
238,angl_right_should_mov_kurtosis,(-1.36420471361913+0j),(-1.2780890144396309+0j),(4.669049185634016+0j),(1.6088656272161312+0j),(-0.5679643595853299+0j),(2.133229233074183+0j),(3.528911890957054+0j),(0.6763814857703845+0j)
239,angl_right_should_mov_skewness,(0.25055760380173014+0j),(-0.025196065162920528+0j),(1.9620767342297634+0j),(1.432376663497376+0j),(0.18738483230552141+0j),(1.6568850779683146+0j),(2.1745354397653687+0j),(1.092124227379434+0j)
240,angl_right_should_mov_maxFreqCompInd,0j,0j,0j,0j,0j,0j,0j,0j
241,angl_right_should_mov_maxFreqComp,(11910.236032110599-0j),(11210.252325408488-0j),(8134.24121744084-0j),(7724.786799352746-0j),(4457.424942236211-0j),(3739.4911819149356-0j),(9862.264978703543-0j),(3374.67076116703-0j)
242,angl_right_should_mov_meanFreq,(65.95549261831084+0j),(26.04873183551158+5.572884202040001e-16j),(21.98424221711535-3.7152561346933344e-16j),(17.0749378158785-7.579122514774402e-16j),(10.374507721920322-7.430512269386669e-16j),(13.361468386522755+0j),(15.841057249045184+0j),(2.519739829747817+0j)
243,angl_right_should_mov_skewnessFreq,(17.257566416367325+0j),(17.542094951527254-7.661350955511872e-17j),(16.261595009397986-4.846902588494654e-17j),(13.339920565478048-2.290715986458378e-16j),(17.43134104557375+7.380361414657703e-18j),(18.225814656781374-5.651250374111114e-17j),(15.84346280387812+4.3110314808613703e-16j),(12.914536409794062-3.1184693175725144e-17j)
244,angl_right_should_mov_kurtosisFreq,(304.86725853744286+6.112007019388411e-17j),(304.2827938174545-1.7830564505921372e-15j),(275.8622724340474-8.945265480926627e-16j),(216.74783276252953-4.286458944926442e-15j),(301.37636324124605+2.026250897591386e-16j),(320.04211557715996-1.3045330098403907e-15j),(262.57459655497973+9.635102800761709e-15j),(210.276003205804+0j)
245,angl_right_should_mov_median,(38.077657934912764+0j),(35.774390656993965+0j),(24.186996305947623+0j),(20.059364833796288+0j),(14.38431661552556+0j),(10.700603364417562+0j),(24.422179922825542+0j),(9.19751313592472+0j)
246,angl_right_should_mov_peak_count,(25+0j),(23+0j),(32+0j),(28+0j),(26+0j),(28+0j),(21+0j),(26+0j)
